{
  "model": {
    "dataset": "mnist",
    "latent_dim": 16,
    "k_max": 20,
    "alpha": 1.0,
    "dropout": 0.3,
    "epochs": 50,
    "beta": 1.0,
    "beta_anneal_epochs": 20
  },
  "clustering": {
    "ARI": 0.009005397364171492,
    "NMI": 0.057473152666430445,
    "Silhouette": -0.016443481668829918
  },
  "dp": {
    "active_over_1pct": 6,
    "pi": [
      0.500000476837613,
      0.2500002384188065,
      0.12500011920940324,
      0.06250005960470162,
      0.03125002980235081,
      0.015625014901175405,
      0.007812507450587702,
      0.003906253725293851,
      0.0019531268626469256,
      0.0009765634313234628,
      0.0004882817156617314,
      0.0002441408578308657,
      0.00012207042891543285,
      6.103521445771642e-05,
      3.051760722885821e-05,
      1.5258803614429106e-05,
      7.629401807214553e-06,
      3.8147009036072765e-06,
      1.9073504518036383e-06,
      9.536752259018191e-07
    ]
  },
  "uncertainty": {
    "mean_predictive_entropy": 1.358089804649353,
    "mean_mutual_information": 0.0032998882234096527,
    "mc_T": 20,
    "temperature_star": 0.216441348195076
  },
  "baselines": {
    "PCA+kmeans": {
      "ARI": 0.38359724668597445,
      "NMI": 0.5044901514637022
    },
    "AE+kmeans": {
      "ARI": 0.33519128404313114,
      "NMI": 0.45697840583422683
    }
  }
}